unemp_civlabor_16,male_nm_labor,not_grad_labor,white_nhl,foreign
0.013208421433859363,0.06618058255529695,0,TRUE,FALSE
0.05091362321567152,0.10234461350328057,0,TRUE,FALSE
0.02054855486184403,0.06880459799346414,0,TRUE,FALSE
0.016423691340991073,0.059627308542646744,0,TRUE,FALSE
0.03139124410280096,0.07395005113655109,2.8042624789680314e-4,TRUE,FALSE
0.029656473024442555,0.09548989880314068,0,TRUE,FALSE
0.03909915115495206,0.11132664713084871,0,TRUE,FALSE
0.06314564791180065,0.16241973818015573,0,TRUE,FALSE
0.012342763386864217,0.07323621538308557,0,TRUE,FALSE
0.039092592753610586,0.11852115921362676,0,TRUE,FALSE
0.02953625688316858,0.08024945266370331,0,TRUE,FALSE
0.03993726065346696,0.13584698117819605,0,TRUE,FALSE
0.02151138905372712,0.0745880312228968,0,TRUE,FALSE
0.04234908262431619,0.13835535841703142,0,TRUE,FALSE
0.08665637321831894,0.25261908711575026,0,TRUE,FALSE
0.020111609585293795,0.09017397964766385,0,TRUE,FALSE
0.02026655494750072,0.07417978057657564,0,TRUE,FALSE
0.020687330753228036,0.09213416547540183,0,TRUE,FALSE
0.05861533318913817,0.10606209568004404,0,TRUE,FALSE
0.03137678000044338,0.15457091551325347,0,TRUE,FALSE
0.03793966769963408,0.07404100355410824,0,TRUE,FALSE
0.04594718195392609,0.1759756682149528,0,TRUE,FALSE
0.03655106517555547,0.16652536100232818,0,TRUE,FALSE
0.04429923388913925,0.09169671022983326,0,TRUE,FALSE
0.11657234251968504,0.24581692913385828,0,TRUE,FALSE
0.02582455755448296,0.07968590024864707,0,TRUE,FALSE
0.04568987404651779,0.1761472143416971,0,TRUE,FALSE
0.029548190173351883,0.13038355246894973,0,TRUE,FALSE
0.041659256159439245,0.07176858293665324,0,TRUE,FALSE
0.10049905031469963,0.140907228781051,0,TRUE,FALSE
0.03526973104627662,0.1313507280924496,0,TRUE,FALSE
0.035238714771015076,0.08228946007706037,0,TRUE,FALSE
0.03317725752508361,0.07182990922121357,0,TRUE,FALSE
0.03385601896756116,0.07928117254014441,0,FALSE,FALSE
0.01578554160231012,0.09645927070042308,0,TRUE,FALSE
0.036506216427214785,0.10355274350100792,0,TRUE,FALSE
0.019296165266902518,0.10543801021158163,0,TRUE,FALSE
0.01690529988175656,0.07480946415818865,0,TRUE,FALSE
0.08325648308679774,0.1727470581725626,0,TRUE,FALSE
0.02219738836244508,0.04721154876536595,0,TRUE,FALSE
0.03893091043261692,0.17867355410017527,0,TRUE,FALSE
0.013891490876391023,0.08434186368916033,0,TRUE,FALSE
0.02374261816425545,0.10550811178678844,0,TRUE,FALSE
0.023031604448849247,0.1275189957053188,0,TRUE,FALSE
0.025342704056781018,0.053941966460232416,0,TRUE,FALSE
0.057710197280041994,0.29214312004683907,0,TRUE,TRUE
0.042697316199343534,0.1421223692961191,0,TRUE,FALSE
0.045236951250279205,0.16730649637394124,0,TRUE,FALSE
0.02407921962754951,0.08187998817617499,0,TRUE,FALSE
0.056728389979915715,0.14871533597292272,0,FALSE,FALSE
0.06295036877254788,0.17520228328136922,0,TRUE,FALSE
0.077547363031234,0.10526540365250042,0,FALSE,FALSE
0.05080649351613358,0.12319865794728287,0,FALSE,FALSE
0.05227973591075605,0.14837427820435872,0,FALSE,FALSE
0.03217084556726727,0.08295135294987431,0,TRUE,FALSE
0.057342511118586945,0.24000754613326256,0,TRUE,TRUE
0.0840660542432196,0.16085958005249343,0,TRUE,FALSE
0.01660931517472011,0.08292541074976979,0,TRUE,FALSE
0.03270810514786419,0.10355969331872947,0,TRUE,FALSE
0.08172501591343094,0.1889306174411203,0,FALSE,FALSE
0.04306317978792321,0.23125331826617243,0,TRUE,TRUE
0.03772219925589086,0.11368334022323275,0,TRUE,FALSE
0.01717697321575286,0.10137481513939858,0,TRUE,FALSE
0.03590500423558925,0.1697023022988667,0,TRUE,FALSE
0.023311936950891586,0.08530465061524926,0,TRUE,FALSE
0.05016203110378265,0.15767641275178396,0,TRUE,FALSE
0.04835803478987078,0.17496181808821595,0,TRUE,FALSE
0.05182120872738397,0.15626176093970903,6.89091678725771e-5,FALSE,FALSE
0.03831170007537128,0.1648933279350248,2.1907807732023694e-5,TRUE,FALSE
0.05130674998190788,0.3828616489530279,0,TRUE,TRUE
0.04814709549655274,0.16060492151973008,0,TRUE,FALSE
0.026354909014732482,0.1152735198024389,0,TRUE,FALSE
0.043383356779119926,0.20983892485063044,0,TRUE,TRUE
0.03793402976204083,0.14292980090063317,0,TRUE,FALSE
0.048172338185773024,0.23888543163061748,0,TRUE,TRUE
0.04749289318191966,0.13939285696567394,0,TRUE,FALSE
0.04101926257798153,0.07529857647074147,0,TRUE,FALSE
0.04346272521670408,0.18287638408959064,0,TRUE,FALSE
0.032843839444560284,0.13953689888516707,0,TRUE,FALSE
0.0510304943377533,0.11006762439086207,0,TRUE,FALSE
0.05942927480973325,0.12447273218547818,0,TRUE,FALSE
0.06304079482161674,0.13086858347132319,0,FALSE,FALSE
0.027952954485155414,0.13046267059684477,0,TRUE,FALSE
0.03838607594936709,0.13338607594936708,0,TRUE,FALSE
0.045163655756282915,0.1341743883741084,0,TRUE,FALSE
0.023454403277571756,0.13827255849208672,0,TRUE,FALSE
0.02972084231074967,0.1518989499885984,0,TRUE,FALSE
0.023302089333403154,0.13262117959190797,0,TRUE,FALSE
0.02119305393550083,0.10987530598498414,0,TRUE,FALSE
0.02870606902605786,0.2013005974079876,0,TRUE,FALSE
0.017937498364858855,0.07665868717787719,0,TRUE,FALSE
0.033063647213292253,0.13522330397428167,0,TRUE,FALSE
0.019971385080234178,0.11123049870356505,0,TRUE,FALSE
0.024732226149953355,0.12171737183827178,0,TRUE,FALSE
0.032384383715996744,0.09788346907972985,0,TRUE,FALSE
0.03620288167661185,0.11966962596419735,0,TRUE,FALSE
0.025884080061531763,0.09032736161499802,0,TRUE,FALSE
0.04659078236173171,0.12651613718653115,0,TRUE,FALSE
0.04021106345332038,0.14247573007259257,0,TRUE,FALSE
0.02462248322147651,0.10177372962607861,0,TRUE,FALSE
0.03182425307557118,0.11052372583479789,0,TRUE,FALSE
0.041069773472729804,0.14502323541323497,0,TRUE,FALSE
0.03690682099885476,0.14827766597701042,0,TRUE,FALSE
0.024420585973430643,0.11962995913566657,0,TRUE,FALSE
0.040607331051194274,0.11336012923573983,0,TRUE,FALSE
0.03154579546722275,0.1303452359498494,0,TRUE,FALSE
0.056257669058564747,0.16218821919512347,0,TRUE,FALSE
0.022599943025353716,0.10531868873906668,0,TRUE,FALSE
0.10471546468877528,0.38630550603712926,0,TRUE,FALSE
0.04292856301720354,0.18465705323784137,0,TRUE,FALSE
0.03209560625034028,0.10160205803887407,0,TRUE,FALSE
0.02692518205476191,0.10930610633747938,0,TRUE,FALSE
0.047235952463565475,0.16790403859946085,0,TRUE,TRUE
0.01876863393081648,0.060029694553204734,0,TRUE,FALSE
0.02449033334064825,0.06953557608608191,0,TRUE,FALSE
0.04444681430924366,0.0892846563103575,0,TRUE,FALSE
0.02132452903476403,0.0917370064388903,0,TRUE,FALSE
0.058705170004657664,0.07098276665114113,0,TRUE,FALSE
0.04818214530137653,0.18902796102530814,0,TRUE,FALSE
0.04043597442806375,0.16366786369728356,0,TRUE,FALSE
0.01679122690935124,0.07840244709353407,0,TRUE,FALSE
0.03026955106501776,0.08049704788719009,0,TRUE,FALSE
0.05017191942986996,0.0734435045389109,0,TRUE,FALSE
0.038565782944284234,0.14013240888917233,0,TRUE,FALSE
0.03285517667753498,0.0945469533153258,0,TRUE,FALSE
0.033856151333696245,0.08600299401197604,0,TRUE,FALSE
0.023472485768500948,0.10011859582542694,0,TRUE,FALSE
0.05626947368421053,0.20125192982456142,0,TRUE,FALSE
0.024863711780042663,0.08635043849253378,0,TRUE,FALSE
0.044866571603177835,0.08674882868201263,0,TRUE,FALSE
0.01495483682983683,0.09187062937062937,0,TRUE,FALSE
0.0320808518282848,0.13454435161334138,0,FALSE,TRUE
0.018936735129856257,0.10675374614703818,0,TRUE,FALSE
0.01856383319454231,0.08390237652937031,0,TRUE,FALSE
0.027731190524459843,0.1280770624842576,0,TRUE,FALSE
0.03494152959266467,0.17306559693150933,0,TRUE,FALSE
0.04335210329475985,0.167207052707736,0,FALSE,FALSE
0.037620330477953254,0.13828881523662961,0,TRUE,FALSE
0.02913263371932727,0.08058484973807555,0,TRUE,FALSE
0.031607717569994025,0.12013687326965626,0,TRUE,FALSE
0.029430629518244884,0.11834174058827987,0,TRUE,FALSE
0.05012150668286756,0.08119009045497502,0,TRUE,FALSE
0.020348111424189463,0.0742233477190855,0,TRUE,FALSE
0.03503510825043885,0.10716621347193062,0,TRUE,FALSE
0.028987031425622957,0.057257603344354105,0,TRUE,FALSE
0.01580899313672176,0.08196501609507045,0,TRUE,FALSE
0.03358867063217596,0.12283568497256421,0,TRUE,FALSE
0.007482144881532706,0.02089419479738038,0,TRUE,FALSE
0.024357291659582763,0.10389421976193552,0,TRUE,FALSE
0.01732151760297216,0.06368914550396448,0,TRUE,FALSE
0.033999056455417516,0.09347381663783613,0,TRUE,FALSE
0.03350372263584843,0.08527614179353261,0,TRUE,FALSE
0.0982890663190484,0.24813426755743848,0,TRUE,FALSE
0.07381328639155048,0.19931587685783442,0,TRUE,FALSE
0.03037231326307971,0.09537625922659115,0,TRUE,FALSE
0.010849703060758336,0.1055602688768518,NA,TRUE,FALSE
0.06998675391945593,0.20375898723499603,0,TRUE,FALSE
0.02459858702633269,0.09229287090558767,0,TRUE,FALSE
0.041718462532942174,0.19994033116205062,0,TRUE,FALSE
0.1981582383932994,0.7317287341829153,0,TRUE,TRUE
0.03577956257477428,0.16336535140192474,0,TRUE,FALSE
0.03347473012105809,0.09137361518229559,0,TRUE,FALSE
0.017311782602062335,0.11919014242508548,0,TRUE,FALSE
0.08574660206986258,0.3327652836164156,0,TRUE,FALSE
0.2031661112085599,0.4026486581301526,0,TRUE,FALSE
0.05430882442376695,0.22123395973970686,0,TRUE,FALSE
0.02415575051075592,0.08220165845451267,0,TRUE,FALSE
0.014801876689275333,0.0890024988525677,0,TRUE,FALSE
0.017286742481897845,0.07092456891865447,0,TRUE,FALSE
0.05455567212750455,0.2722078465979628,0,TRUE,FALSE
0.024334963616843612,0.12968422487687667,0,TRUE,FALSE
0.04005704575236031,0.18210652553399362,0,TRUE,TRUE
0.018274484595252306,0.12314614996097158,0,TRUE,FALSE
0.047067211712139935,0.1671546724973857,0,TRUE,FALSE
0.04262929902861644,0.1508816837315131,0,TRUE,FALSE
0.01339672270417749,0.05837376856344655,0,TRUE,FALSE
0.03104694236958766,0.16165664662658652,0,TRUE,FALSE
0.10067621941698596,0.23459889258560843,6.00550103895168e-4,TRUE,FALSE
0.04576624925462135,0.14825581395348839,0,TRUE,FALSE
0.025279956548826657,0.12047317049793127,0,TRUE,FALSE
0.09543934987633518,0.3232680129372435,0,TRUE,FALSE
0.06499151507934145,0.20977105600047635,0,TRUE,FALSE
0.029711229421722808,0.10795161804754778,0,TRUE,FALSE
0.03526110297706198,0.12874572962420694,0,TRUE,FALSE
0.02910312019028963,0.08161932745674176,0,TRUE,FALSE
0.015832023355041545,0.08296373231529305,0,TRUE,FALSE
0.02608649396244481,0.07766370551625086,0,TRUE,FALSE
0.0761152444811855,0.31568231223783716,0,TRUE,FALSE
0.09068820659169602,0.5615165091750901,3.691988385204107e-4,TRUE,TRUE
0.0441505049602288,0.2838502100277058,0,TRUE,TRUE
0.05380814863783445,0.25792421975574964,0,TRUE,TRUE
0.020373682929538058,0.10208817253593513,0,TRUE,FALSE
0.029855705941745588,0.09375918612527638,0,TRUE,FALSE
0.02969508567919713,0.07039510294936005,0,TRUE,FALSE
0.028007253677211363,0.09058383388425702,0,TRUE,FALSE
0.019126493124872346,0.07982000144947589,0,TRUE,FALSE
0.012855737160236668,0.08705097568144353,0,TRUE,FALSE
0.015535060177917321,0.08527930402930403,0,TRUE,FALSE
0.03591707645806783,0.16383204446431313,0,TRUE,FALSE
0.0619934906345636,0.20888538166021545,0,TRUE,FALSE
0.03164877171285626,0.13648884141885434,0,TRUE,FALSE
0.026169299752280214,0.11940008729713336,0,TRUE,FALSE
0.02905851117892477,0.12234966893327351,0,TRUE,FALSE
0.02560907292869474,0.10307651853799632,0,TRUE,FALSE
0.04140837859088997,0.10814270301899903,0,TRUE,FALSE
0.03263448148376363,0.11834717172961981,0,TRUE,FALSE
0.0222574249534228,0.11104801187594027,0,TRUE,FALSE
0.0244342234086763,0.08869996407767675,0,TRUE,FALSE
0.017848075732598823,0.11228428938088184,0,TRUE,FALSE
0.04424442811658095,0.11829537105069801,0,TRUE,FALSE
0.03575794222177754,0.09348396330243301,0,TRUE,FALSE
0.038761745983631406,0.12465140951803577,0,TRUE,FALSE
0.034167142919945485,0.11161911460851981,0,TRUE,FALSE
0.037858191179654985,0.1461095204869716,0,TRUE,FALSE
0.033038972093052364,0.11504496779967581,0,TRUE,FALSE
0.017648039503663775,0.06724196787945666,0,TRUE,FALSE
0.04305667041258629,0.10292181730614866,0,TRUE,FALSE
0.032815680480348317,0.13283257754968916,0,TRUE,FALSE
0.022861798350625167,0.0924780526735834,0,TRUE,FALSE
0.04257804346184764,0.12221812642396841,0,TRUE,FALSE
0.030081082753925188,0.12339502224789728,0,TRUE,FALSE
0.02098622558428362,0.10594727334311843,0,TRUE,FALSE
0.010148575140050338,0.06009580254932208,0,TRUE,FALSE
0.018648223583311353,0.10127089255536344,0,TRUE,FALSE
0.03199292105004424,0.09855471438403303,0,TRUE,FALSE
0.027940631854827223,0.10465772156225964,0,TRUE,FALSE
0.02008500234538244,0.09586217679919262,0,TRUE,FALSE
0.034985172868921305,0.0868715610483553,0,TRUE,FALSE
0.015330085116398343,0.07340806339994871,0,TRUE,FALSE
0.01660056657223796,0.07556657223796034,0,TRUE,FALSE
0.010717691446577388,0.08821537653578783,0,TRUE,FALSE
0.020375914836992682,0.08007595919272566,0,TRUE,FALSE
0.02595014160344044,0.07565469738820321,0,TRUE,FALSE
0.018615450689858808,0.10322381489236056,0,TRUE,FALSE
0.051379953921776404,0.16097981172191725,0,TRUE,FALSE
0.03339413032664566,0.0925551318189355,0,TRUE,FALSE
0.021021761530264468,0.08445693048815929,0,TRUE,FALSE
0.053382425425709604,0.19490419901107534,0,TRUE,FALSE
0.03248979721720591,0.14201955433926539,0,TRUE,FALSE
0.03229028940796239,0.07295431173791685,0,TRUE,FALSE
0.019184058867580504,0.10925015465763684,0,TRUE,FALSE
0.02195686038399419,0.11398453701845428,0,TRUE,FALSE
0.03211825906236734,0.15196137445112562,0,TRUE,FALSE
0.034789233113255456,0.10831347423526194,0,TRUE,FALSE
0.033492616523024155,0.12248266042477915,0,TRUE,FALSE
0.02566823303521803,0.08362386943560204,0,TRUE,FALSE
0.031248585166203355,0.14147432472812554,0,TRUE,FALSE
0.013337726363059502,0.08222287304144091,0,TRUE,FALSE
0.01850884891846552,0.11031984979613603,0,TRUE,FALSE
0.02298700769763369,0.15529670508695476,0,TRUE,FALSE
0.02067333700724502,0.11192116931508511,0,TRUE,FALSE
0.02429503312959063,0.12318973508556949,0,TRUE,FALSE
0.023219155227761735,0.10219649986768073,0,TRUE,FALSE
0.028950363064918175,0.10995583613308768,0,TRUE,FALSE
0.0374331550802139,0.17162545310985897,0,TRUE,FALSE
0.028149536045681656,0.10979880442541042,0,TRUE,FALSE
0.015278406518786782,0.061485481471900666,0,TRUE,FALSE
0.03269522941355211,0.1738782538235592,0,TRUE,FALSE
0.01665176532138102,0.10069535273241219,0,TRUE,FALSE
0.02397611301751415,0.08476313561210393,0,TRUE,FALSE
0.03926183821245852,0.23870936105526405,0,TRUE,FALSE
0.029580884717344682,0.11417365698529691,0,TRUE,FALSE
0.02510623181079124,0.09283498886444684,0,TRUE,FALSE
0.05678820302071619,0.17543066752152023,0,TRUE,FALSE
0.018097307637449763,0.08967270469590315,0,TRUE,FALSE
0.01867786211916398,0.07712904232089009,0,TRUE,FALSE
0.024760730030379863,0.0923958975764636,0,TRUE,FALSE
0.05977240966260731,0.16949490916350568,0,TRUE,FALSE
0.021204899406972233,0.08639361525245247,0,TRUE,FALSE
0.03758483481612547,0.14799262342063946,0,TRUE,FALSE
0.024906139894876684,0.10876220181366603,0,TRUE,FALSE
0.038145771077737124,0.1513005655907556,0,TRUE,FALSE
0.03250030443665688,0.11749901903743894,0,TRUE,FALSE
0.015807287915886505,0.09138700849776754,0,TRUE,FALSE
0.021420076117982873,0.09744291151284491,0,TRUE,FALSE
0.019704352406663593,0.07641403832224929,0,TRUE,FALSE
0.02520356727413726,0.14500799137498935,0,TRUE,FALSE
0.048858324343761236,0.08743482560230133,0,TRUE,FALSE
0.03010228061144558,0.12101340614578904,0,TRUE,FALSE
0.07010960797867088,0.21088539188667557,0,TRUE,FALSE
0.02763977770293028,0.11436931626810373,0,TRUE,FALSE
0.05738735489907506,0.23533396360659253,0,TRUE,FALSE
0.05601306744708365,0.13784341750039703,0,TRUE,FALSE
0.046005690197071486,0.16287071931836802,0,TRUE,FALSE
0.03418614778007767,0.13017698534368083,0,TRUE,FALSE
0.043556192866105035,0.11321793460169513,0,TRUE,FALSE
0.021925589778249814,0.08332528724534131,0,TRUE,FALSE
0.11281227238937655,0.33769344556492487,0,TRUE,FALSE
0.059116132027502044,0.11230738620034046,0,TRUE,FALSE
0.053532384237889315,0.11540984403090229,0,TRUE,FALSE
0.06112782436151827,0.14295163114211953,0,TRUE,FALSE
0.03286384976525822,0.09393892492484042,0,TRUE,FALSE
0.06087597106884543,0.14283641396553265,0,TRUE,FALSE
0.04784542248121454,0.12280836272555334,0,TRUE,FALSE
0.029958058717795086,0.10846848310670147,0,TRUE,FALSE
0.026766511248214258,0.08219909260741927,0,TRUE,FALSE
0.014658041078248182,0.11065741574790254,0,TRUE,FALSE
0.016780534579887332,0.09454461396208969,0,TRUE,FALSE
0.019384017447712783,0.10279191365619059,0,TRUE,FALSE
0.013958546116048517,0.08701860292585761,0,TRUE,FALSE
0.04680762051876167,0.10235244899272704,0,TRUE,FALSE
0.029120438427764492,0.1364845328906149,0,TRUE,FALSE
0.043538956605738484,0.15112281352471127,0,TRUE,FALSE
0.018174943962839935,0.12021658699937887,0,TRUE,FALSE
0.018198047928693364,0.0782848356116186,0,TRUE,FALSE
0.036092200068410775,0.10945723774950623,0,TRUE,FALSE
0.05509721759051168,0.19855297307485972,8.844553350055822e-4,TRUE,FALSE
0.025083289073439236,0.10042006663125876,0,TRUE,FALSE
0.02795754203459538,0.107883754687311,0,TRUE,FALSE
0.0351995245092374,0.13564144474346063,0,TRUE,FALSE
0.04496627851496512,0.17695443684843662,0,TRUE,TRUE
0.24914088139595353,0.7748090261916977,0,TRUE,TRUE
0.017334054626443066,0.12029097270979847,0,TRUE,FALSE
0.03501515737874097,0.10231230650154799,0,TRUE,FALSE
0.053311912271909914,0.12893906788904283,0,TRUE,FALSE
0.11318994303673148,0.44159082476701805,0,TRUE,FALSE
0.022374104036765874,0.1102361397881966,0,TRUE,FALSE
0.024865178210690887,0.10207810002283627,0,TRUE,FALSE
0.031070572142664146,0.11636424277222372,0,TRUE,FALSE
0.03756759800792976,0.12794693036078933,0,TRUE,FALSE
0.0196168441669727,0.10350104051903537,0,TRUE,FALSE
0.030573391558409317,0.11916540573313159,0,TRUE,FALSE
0.02825382121352478,0.12139523283571454,0,TRUE,FALSE
0.02976540904606202,0.14132453787131335,0,TRUE,FALSE
0.032020607560056,0.11931199490366595,0,TRUE,FALSE
0.031229006493991192,0.1143656229006494,0,TRUE,FALSE
0.06963160495164096,0.28850505474374333,0,TRUE,TRUE
0.02960173320881454,0.1179892921570561,0,TRUE,FALSE
0.01946411447960463,0.07255476875414915,0,TRUE,FALSE
0.02486665924479035,0.09869746070622527,0,TRUE,FALSE
0.03013671618246352,0.1048212172998554,0,TRUE,FALSE
0.03426077068393155,0.10914659868312455,0,TRUE,FALSE
0.013496998428707645,0.0896173835967822,0,TRUE,FALSE
0.029409603007108282,0.11161159584632668,0,TRUE,FALSE
0.049494780437058405,0.13191497740541286,0,TRUE,FALSE
0.02211274191157184,0.11261646538255386,0,TRUE,FALSE
0.04373453276864017,0.17095639911332727,0,TRUE,FALSE
0.041412472808753535,0.1500466135653653,0,TRUE,FALSE
0.03499822729673605,0.08317957845839936,0,TRUE,FALSE
0.041548865824449346,0.14462969050861785,0,TRUE,FALSE
0.03304875961373878,0.1341798103311992,0,TRUE,FALSE
0.025889661851724994,0.08515714505061003,0,TRUE,FALSE
0.01942474945439147,0.08204215029479148,0,TRUE,FALSE
0.01768782109070371,0.08821644636088151,0,TRUE,FALSE
0.028831388369995242,0.12819853541774687,0,TRUE,FALSE
0.02970953551559063,0.11458468107128995,0,TRUE,FALSE
0.027892999781684625,0.0677034506671461,0,TRUE,FALSE
0.02413113085519201,0.09325897495706016,0,TRUE,FALSE
0.02933174207389411,0.10115863577918434,0,TRUE,FALSE
0.027979675492303915,0.1311304843171618,0,TRUE,FALSE
0.017967453708392082,0.09421909932928776,0,TRUE,FALSE
0.03361490717804559,0.11868546299646525,0,TRUE,FALSE
0.03873307900153538,0.09969895875936144,0,TRUE,FALSE
0.02113354013538913,0.08422854173988784,0,TRUE,FALSE
0.023205512467941787,0.08846522263078206,0,TRUE,FALSE
0.035199377495889125,0.17325140944326992,0,TRUE,FALSE
0.06957686092996608,0.19480512513491996,0,TRUE,FALSE
0.021751073310680203,0.1161278070550254,0,TRUE,FALSE
0.009832663548323342,0.16582120034257855,0,TRUE,FALSE
0.010887807334060586,0.0695120416212134,0,TRUE,FALSE
0.02108191264141268,0.1069651384977669,0,TRUE,FALSE
0.030238711526565248,0.1718820374860426,0,TRUE,FALSE
0.013518908046859407,0.10090433127082342,0,TRUE,FALSE
0.03295687628542642,0.17887029579032387,0,TRUE,FALSE
0.036044232922732365,0.12060820268756998,0,TRUE,FALSE
0.025225019566918864,0.10803113314201235,0,TRUE,FALSE
0.019738893374799133,0.09099557893558677,0,TRUE,FALSE
0.01262477980035232,0.11963051628348163,0,TRUE,FALSE
0.03201328471896321,0.12974260857008774,0,TRUE,FALSE
0.012151634224453176,0.10204647148340791,0,TRUE,FALSE
0.008862271708661601,0.09556417924432542,0,TRUE,FALSE
0.04740383649693683,0.10670047872518496,0,TRUE,FALSE
0.04835219331860601,0.19340877327442405,0,TRUE,FALSE
0.06945582837389971,0.1406934891842771,0,TRUE,FALSE
0.1626100813553636,0.39370963683636667,0,TRUE,FALSE
0.06526650405853893,0.1361110000399856,0,TRUE,FALSE
0.015706239168110918,0.1128899480069324,NA,TRUE,FALSE
0.06178320384757677,0.11197434948822296,0,TRUE,FALSE
0.05506692830611816,0.10724297427990749,0,TRUE,FALSE
0.02042321624678326,0.14071694340179317,0,TRUE,FALSE
0.02494472623227988,0.08134564529414315,0,TRUE,FALSE
0.03088853209442148,0.1344378779079698,0,TRUE,FALSE
0.027576988463085768,0.11013924756998067,0,TRUE,FALSE
0.02410317953760067,0.1414236347074218,0,TRUE,FALSE
0.021610244547945776,0.07260375313890365,0,TRUE,FALSE
0.014153928536656606,0.05907409210398209,0,TRUE,FALSE
0.026497487101727082,0.10935160548927607,0,TRUE,FALSE
0.019256132946452124,0.09303768988471146,0,TRUE,FALSE
0.02267936178077949,0.10206711892178118,0,TRUE,FALSE
0.020723270800624947,0.09580454040178316,0,TRUE,FALSE
0.03205118732729449,0.15949809060798673,0,TRUE,FALSE
0.030611769745848737,0.08935805619452955,0,TRUE,FALSE
0.02395891429633761,0.08714909834541737,0,TRUE,FALSE
0.024897931097756777,0.09062342309280243,0,TRUE,FALSE
0.020348812752221796,0.09793006357601779,0,TRUE,FALSE
0.019574481875779818,0.07602936172281367,0,TRUE,FALSE
0.028115508274932217,0.12767990754596772,0,TRUE,FALSE
0.07309550014370939,0.29700173152282877,0,TRUE,FALSE
0.013917113985788567,0.08169472046642653,4.62502277473336e-4,TRUE,FALSE
0.01435213050787655,0.08283348207799755,0,TRUE,FALSE
0.007076481162673464,0.1446683850594938,0,TRUE,FALSE
0.019957333663121444,0.10003400939896116,0,TRUE,FALSE
0.01845799769850403,0.13020023014959725,0,TRUE,FALSE
0.019292716114520565,0.08998639304656911,0,TRUE,FALSE
0.027045800842520392,0.13095366137850678,0,TRUE,FALSE
0.020711235458695333,0.1387829480194375,0,TRUE,FALSE
0.021012778040700425,0.10570752484619025,0,TRUE,FALSE
0.051151561536265766,0.18609243759571717,0,TRUE,FALSE
0.028832151943202617,0.1353272478992787,0,TRUE,FALSE
0.025471344737170682,0.1169101427560661,0,TRUE,FALSE
0.015528100190632466,0.10183151950966435,0,TRUE,FALSE
0.02499740832283022,0.12272819035459599,0,TRUE,FALSE
0.023250105204095945,0.08719315472015711,0,TRUE,FALSE
0.01760293473499781,0.10721569754708717,0,TRUE,FALSE
0.021271472812865837,0.11960014280614066,0,TRUE,FALSE
0.06000841940153048,0.14861397043982724,0,TRUE,FALSE
0.03013147871865718,0.1253517592847173,0,TRUE,FALSE
0.033021526332526266,0.12173067053722951,0,TRUE,FALSE
0.054925602873268344,0.1720818368394048,0,TRUE,FALSE
0.03331179203297038,0.0917781327350542,0,TRUE,FALSE
0.05197169063065628,0.1259888958939212,0,TRUE,FALSE
0.088889973640535,0.2662336473689349,0,TRUE,TRUE
0.02901513596393845,0.11295626783073527,0,TRUE,FALSE
0.043033202761197556,0.2490804811800978,7.22826585561817e-4,TRUE,TRUE
0.017291832934291033,0.07016050368005675,0,TRUE,FALSE
0.04830132483885607,0.16009093672759955,0,TRUE,FALSE
0.04481648614840778,0.1626307992469037,0,TRUE,TRUE
0.02730064598115006,0.10748702742772424,0,TRUE,FALSE
0.029111310281308648,0.1074751546182452,0,TRUE,FALSE
0.023306671843892002,0.07693124852330026,0,TRUE,FALSE
0.030533088118314126,0.1559459339064916,0,TRUE,TRUE
0.03918406837055551,0.09886720954607756,0,TRUE,FALSE
0.038633410452254935,0.11367268677191664,0,TRUE,FALSE
0.028037240537240538,0.09442155067155067,0,TRUE,FALSE
0.04546604808097849,0.20913369886123997,0,TRUE,TRUE
0.03404690423356394,0.11749989122394813,0,TRUE,FALSE
0.0353499160804873,0.1332604145058178,0,FALSE,FALSE
0.020494053064958828,0.07341262580054894,0,FALSE,FALSE
0.030386093758939765,0.10980500262666507,0,FALSE,FALSE
0.030156701226151588,0.09469930092000821,0,FALSE,FALSE
NA,NA,NA,NA,NA
0.023848238482384824,0.11258760863470704,6.915241566208765e-4,TRUE,FALSE
0.04877144433290829,0.07642638161643019,0,TRUE,FALSE
0.05688917124230461,0.15608597661508675,0,TRUE,FALSE
0.024668144248233704,0.10599380695956921,0,TRUE,FALSE
0.03064184894220426,0.05619845486846824,0,FALSE,FALSE
0.03624150521479359,0.15553536800545065,0,TRUE,FALSE
0.2099599241977073,0.49107769735002643,0,FALSE,TRUE
0.03605570238102538,0.12066396453296215,0,TRUE,FALSE
0.030781900015618122,0.08832758302452046,0,TRUE,FALSE
0.019072418889436272,0.09206840734745583,0,TRUE,FALSE
0.02626170554901067,0.0981245324229734,0,TRUE,FALSE
0.023222646789731446,0.09926806953339433,0,TRUE,FALSE
0.01884702181494905,0.10301579703207277,0,TRUE,FALSE
0.03234082658475286,0.1121980592013404,0,TRUE,FALSE
0.02583134682892088,0.12998130321244805,0,TRUE,FALSE
0.02344756776011818,0.13211520529718063,0,TRUE,FALSE
0.05625379183902972,0.23868488585176587,0,TRUE,TRUE
0.014793803926897208,0.0792513078334126,0,TRUE,FALSE
0.02241700745730094,0.11306230454654799,0,TRUE,FALSE
0.03467802037534277,0.13409963735170466,0,TRUE,FALSE
0.02476555398925603,0.12989098192466159,0,TRUE,FALSE
0.05158124330485212,0.26453807487068487,0,TRUE,TRUE
0.026490463542206393,0.10486013013433397,0,TRUE,FALSE
0.021397230465896727,0.10936135217828812,0,TRUE,FALSE
0.03507192777309439,0.12064014358360754,0,TRUE,FALSE
0.018620832797967918,0.09444834300285639,0,TRUE,FALSE
0.026493480455687862,0.133355291893711,0,TRUE,FALSE
0.036692829111666075,0.10610952550838387,0,TRUE,FALSE
0.03185187855194704,0.09817491499357195,0,TRUE,FALSE
0.07362470230375628,0.2801763776556863,0,TRUE,TRUE
0.03032230238967229,0.1300832620598405,0,TRUE,FALSE
0.026440718879495152,0.10740087244889163,0,TRUE,FALSE
0.03497946801343912,0.09262350301007076,0,TRUE,FALSE
0.02065723003051068,0.09026159155704497,0,TRUE,FALSE
0.021814471190696755,0.10786383707096404,0,TRUE,FALSE
0.043333865828127496,0.1421761100414505,0,TRUE,FALSE
0.030651847931551558,0.08502028755402664,0,TRUE,FALSE
0.02541801750571352,0.1205007837698709,2.9842110367729404e-5,TRUE,FALSE
0.038999312354694,0.12030518353580667,0,TRUE,FALSE
0.02440131514378251,0.16001324958288352,0,TRUE,FALSE
0.02738311553341424,0.11587536793547133,0,TRUE,FALSE
0.024835920069052,0.09887139064866537,0,TRUE,FALSE
0.023882832653740534,0.07720015692055303,0,TRUE,FALSE
0.04317079201030886,0.1400619251821979,0,TRUE,FALSE
0.037950730022048226,0.11339212860887832,0,TRUE,FALSE
0.02665129584560864,0.06299474830280517,0,TRUE,FALSE
0.015675054728309167,0.10037063528187788,0,TRUE,FALSE
0.04167315175097276,0.07883268482490273,0,TRUE,FALSE
0.04029294184835556,0.12599858904155609,0,TRUE,FALSE
0.04161097868470728,0.09041431858577786,0,TRUE,FALSE
0.022449174686125804,0.07832515454719266,0,TRUE,FALSE
0.0475644158762838,0.11081338058604892,0,TRUE,FALSE
0.019080791776399625,0.05688556622207119,0,TRUE,FALSE
0.03754309257546456,0.10856526247932957,0,TRUE,FALSE
0.04206637997574154,0.12027235637887308,0,TRUE,FALSE
0.06242317288383131,0.2178725734801923,3.955455485912493e-4,TRUE,FALSE
0.02872760615037382,0.07908731838058965,0,TRUE,FALSE
0.03260202054258432,0.21930352691849195,0,TRUE,FALSE
0.03995736368131378,0.1282858740850619,4.903987225315922e-4,TRUE,FALSE
0.022963951935914554,0.09879839786381843,NA,TRUE,FALSE
0.02713255671943257,0.09331697120578702,0,TRUE,FALSE
0.05019952060110303,0.15875109032342255,0,TRUE,FALSE
0.03990003259806585,0.09854395305878517,0,TRUE,FALSE
0.017476839902009555,0.07314554960062324,0,TRUE,FALSE
0.02688817997265609,0.09812045131264586,0,TRUE,FALSE
0.02740016038492382,0.0934915797914996,0,TRUE,FALSE
0.026017877475166536,0.08923032627046552,0,TRUE,FALSE
0.04283974259561618,0.21721326472469127,0,TRUE,FALSE
0.02080987122362043,0.08604269695931058,0,TRUE,FALSE
0.053624139061987534,0.15275500163988193,0,TRUE,FALSE
0.02383327320189308,0.12879623930898365,0,TRUE,FALSE
0.03880808604026663,0.21176783304480581,0,TRUE,FALSE
0.02711187214611872,0.10164420385918398,0,TRUE,FALSE
0.06398429643382068,0.19769668136458576,0,TRUE,FALSE
0.02784387014975754,0.08914648905427991,0,TRUE,FALSE
0.06668697554626271,0.26112603506051124,0,TRUE,FALSE
0.03753227178438717,0.08282469519019833,0,TRUE,FALSE
0.041874267291910905,0.11177461899179367,0,TRUE,FALSE
0.051967387451258416,0.0891705069124424,0,TRUE,FALSE
0.015313471306193618,0.07647638541429763,0,TRUE,FALSE
0.025259936273687743,0.08500859466711387,0,TRUE,FALSE
0.028718082088816425,0.14655410165432273,0,TRUE,FALSE
0.03657041764074051,0.15501358438112087,0,TRUE,FALSE
0.03605409705648369,0.07594272076372315,0,TRUE,FALSE
0.06662672557976984,0.18929578871165031,0,TRUE,FALSE
0.01108503172131719,0.11193093351304874,0,TRUE,FALSE
0.018069430729574107,0.14655603575413262,0,TRUE,FALSE
0.03506972928630025,0.16270166803390756,7.690730106644791e-4,TRUE,FALSE
0.017929813209828192,0.15534063239626078,0,TRUE,FALSE
0.029333175691652873,0.12124615748403877,0,TRUE,FALSE
0.04166483298860186,0.09944769616687937,0,TRUE,FALSE
0.042026800670016753,0.15281407035175879,0,TRUE,FALSE
0.02022987772800459,0.09963493758867509,0,TRUE,FALSE
0.026645364604258738,0.10078721374045801,0,TRUE,FALSE
0.04132280776616172,0.11441007040751014,0,TRUE,FALSE
0.018000986355416734,0.09041077593292783,0,TRUE,FALSE
0.022930567893073316,0.08038093664139484,0,TRUE,FALSE
0.057093941512770946,0.17578687327767037,0,TRUE,FALSE
0.02137791401327919,0.08969109479804092,0,TRUE,FALSE
0.021175216689393584,0.09175404774219839,0,TRUE,FALSE
0.017296986833966597,0.07873111248564107,0,TRUE,FALSE
0.038667470247497455,0.1776069067539259,0,TRUE,FALSE
0.011841339235695376,0.0856135417467623,0,TRUE,FALSE
0.03248080236021119,0.10245018378122014,0,TRUE,FALSE
0.03130989247901194,0.16678085633113177,0,TRUE,FALSE
0.024171043404839932,0.11853685762124877,0,TRUE,FALSE
0.030966817697228144,0.08095682302771855,0,TRUE,FALSE
0.02351687184313123,0.10841863680884979,0,TRUE,FALSE
0.02029927941951844,0.08463682241582766,0,TRUE,FALSE
0.021713674682691187,0.10075943266577056,0,TRUE,FALSE
0.04565377616311303,0.14712001930640436,0,TRUE,FALSE
0.05891186131890579,0.13213901233886327,0,TRUE,FALSE
0.020580511165656807,0.07914656962872689,0,TRUE,FALSE
0.013340930986676693,0.08016307540475127,0,TRUE,FALSE
0.023747576521643044,0.08647171687745488,0,TRUE,FALSE
0.041117744858989044,0.13993013448207206,0,TRUE,FALSE
0.030176186308459228,0.09566574070550629,0,TRUE,FALSE
0.03181351905841702,0.1255736421552748,0,TRUE,FALSE
0.02223233069881162,0.09054983794848467,0,TRUE,FALSE
0.03518398502196299,0.07094404839058112,0,TRUE,FALSE
0.03690329524052282,0.06368154976846935,0,TRUE,FALSE
0.02981944641765138,0.10596018308615056,0,TRUE,FALSE
0.038893504415520475,0.12837791458672101,0,TRUE,FALSE
0.023522802079313555,0.09146936644496402,0,TRUE,FALSE
0.02442172480554329,0.09512810932599662,0,TRUE,FALSE
0.01636376942404801,0.07184641280218573,0,TRUE,FALSE
0.015943860159438602,0.0831007808310078,0,TRUE,FALSE
0.030225941422594143,0.13056066945606695,0,TRUE,FALSE
0.02169537986432797,0.0936952410694148,0,TRUE,FALSE
0.020705749174182532,0.12598819730542257,0,TRUE,FALSE
0.04086983138366537,0.1523003420236622,0,TRUE,FALSE
0.019380400874896914,0.07189214385600057,0,TRUE,FALSE
0.03457241414817484,0.09465582041909076,0,TRUE,FALSE
0.03136972201268612,0.1372081616272718,0,TRUE,FALSE
0.0373080178981739,0.13293626798887412,0.0014814366912565002,TRUE,FALSE
0.02333941605839416,0.07204379562043796,0,TRUE,FALSE
0.029052299973747923,0.07616019601551789,0,TRUE,FALSE
0.031851997672320734,0.12335834795343777,0,TRUE,FALSE
0.033114138093001406,0.08184593705965242,0,TRUE,FALSE
0.03753621688741722,0.13836144453642385,0,TRUE,FALSE
0.02559075772720495,0.09402698240014137,0,TRUE,FALSE
0.02550606387354239,0.08332684889783123,0,TRUE,FALSE
0.03127510787085255,0.07450280216237663,0,TRUE,FALSE
0.028018069733196895,0.08073476926148701,0,TRUE,FALSE
0.032479792682174366,0.0761522798790646,0,TRUE,FALSE
0.04659263346668506,0.07282038901917506,0,TRUE,FALSE
0.034442655215602073,0.12169532517691771,0,TRUE,FALSE
0.0324560059830061,0.069020823384182875,0,TRUE,FALSE
0.03068602668861325,0.11149403327258832,0,TRUE,FALSE
0.029942660316193234,0.16664492923286764,0,TRUE,FALSE
0.03754111219673304,0.09249040142017698,0,TRUE,FALSE
0.0636212897539698,0.11966897211060155,0,TRUE,FALSE
0.02887482934889701,0.13432506108094494,0,TRUE,FALSE
0.020904898469425275,0.10016492809345225,0,TRUE,FALSE
0.023756288429290107,0.07479866674947726,0,TRUE,FALSE
0.028620495808545993,0.1343911323618138,0,TRUE,FALSE
0.021849266724178494,0.0672417849580425,0,TRUE,FALSE
0.028398824132258152,0.09611909706302758,0,TRUE,FALSE
0.0322341363943591,0.11170681971795489,0,TRUE,FALSE
0.020700868597834925,0.09163493218090796,0,TRUE,FALSE
0.02547697305246292,0.10386315706684665,0,TRUE,FALSE
0.0224866987161612,0.08360567967608445,0,TRUE,FALSE
0.021600975213327916,0.09571718813490451,0,TRUE,FALSE
0.030359820089955022,0.09746757056254482,0,TRUE,FALSE
0.018752193136360448,0.13283739209769108,0,TRUE,FALSE
0.025292653032558288,0.10979104788703038,0,TRUE,FALSE
0.018987595305176855,0.07858087086565808,0,TRUE,FALSE
0.017377464514243025,0.09112612466300711,0,TRUE,FALSE
0.027669591796489843,0.08982449221060934,0,TRUE,FALSE
0.023723821241212764,0.10376370397135029,0,TRUE,FALSE
0.03313134042907035,0.12900174621653085,0,TRUE,FALSE
0.040437217733501694,0.13678934688470745,0,TRUE,FALSE
0.02546656050277403,0.10960286472193718,0,TRUE,FALSE
0.028383552522057598,0.07985683369402363,0,TRUE,FALSE
0.022431734059641037,0.08849081639779315,0,TRUE,FALSE
0.01976674491783627,0.09716048149443085,0,TRUE,FALSE
0.017087791739590647,0.10798163887695322,0,TRUE,FALSE
0.021951004434291856,0.1046404696318194,0,TRUE,FALSE
0.03692073816555144,0.09406501937622269,0,TRUE,FALSE
0.022785870297078483,0.10878097646691738,0,TRUE,FALSE
0.04108518013685835,0.12362224882203572,0,TRUE,FALSE
0.029254399861739205,0.11611386352507418,0,TRUE,FALSE
0.027054941902166115,0.0845694065892029,0,TRUE,FALSE
0.026749339215803174,0.07956239193942646,0,TRUE,FALSE
0.04382730964387875,0.13929960482934395,0,TRUE,FALSE
0.028623175047928034,0.10920986334365629,0,TRUE,FALSE
0.02726868757124365,0.10813578314882435,0,TRUE,FALSE
0.025420249392940512,0.07951012938871749,0,TRUE,FALSE
0.10196605515475989,0.3222915817938609,0,TRUE,FALSE
0.030329773111272024,0.0910722906106686,0,TRUE,FALSE
0.024016409788894903,0.06655081051821886,0,TRUE,FALSE
0.024157477068947747,0.09600638977635782,0,TRUE,FALSE
0.01951135674937359,0.08339439112566448,0,TRUE,FALSE
0.026723468211614528,0.09445372518952184,0,TRUE,FALSE
0.02000773632471222,0.09929172613410518,0,TRUE,FALSE
0.028816326530612245,0.11164625850340136,0,TRUE,FALSE
0.04130524488308001,0.16178297374672074,0,TRUE,FALSE
0.042169872487572944,0.11314458612491896,0,TRUE,FALSE
0.03434689365097837,0.1061328988711742,0,TRUE,FALSE
0.030556831553578283,0.08598828319185486,0,TRUE,FALSE
0.017109761954254503,0.10634286902108077,0,TRUE,FALSE
0.03351993399654982,0.14245971948533673,0,TRUE,FALSE
0.021850591615412415,0.1582352078257105,0,TRUE,FALSE
0.06106930693069307,0.14537293729372938,0,TRUE,FALSE
0.04157856989838212,0.13949870998388644,0,TRUE,FALSE
0.043207473725184894,0.12728688205527441,0,TRUE,FALSE
0.028059848848658177,0.12214444960146376,0,TRUE,FALSE
0.049795698441919986,0.11683355035696646,0,TRUE,FALSE
0.02872560023510167,0.11227521058240773,0,TRUE,FALSE
0.03104828298476633,0.09781392546690765,0,TRUE,FALSE
0.021919322158776938,0.07509528599968829,0,TRUE,FALSE
0.050591146549353865,0.10921934815253484,0,TRUE,FALSE
0.035616236991945494,0.10638178288708555,0,TRUE,FALSE
0.02723475839665874,0.09807703463077905,0,TRUE,FALSE
0.09013487092819035,0.29389932730225005,0,TRUE,FALSE
0.028173733495136837,0.10030609842241582,0,TRUE,FALSE
0.07779503528706504,0.27250333796561216,3.3788386604539634e-4,TRUE,FALSE
0.0403803569102514,0.10896183404975902,0,TRUE,FALSE
0.06859797192211185,0.18484955311780685,0,TRUE,FALSE
0.02988063529643879,0.12634901844727237,0,TRUE,FALSE
0.01934469392232868,0.12107194227065506,0,TRUE,FALSE
0.018816069940814317,0.12002683372826523,0,TRUE,FALSE
0.026081352048123747,0.10209109137782871,0,TRUE,FALSE
0.021346175748011,0.06598278639181296,0,TRUE,FALSE
0.027291760131598623,0.1011450789378111,0,TRUE,FALSE
0.03276067802510644,0.20395033679094685,0,TRUE,FALSE
0.020690606464665043,0.06901466734102718,0,TRUE,FALSE
0.03841895966555476,0.1224490539103582,0,TRUE,FALSE
0.025098629633452756,0.10380092297699103,0,TRUE,FALSE
0.04698969444946664,0.16476224914120413,0,TRUE,FALSE
0.02851551579535924,0.08926982997433096,0,TRUE,FALSE
0.044525793622911425,0.11414257809755343,4.8481612118997765e-4,TRUE,FALSE
0.031168544594464137,0.10401467404046394,0,TRUE,FALSE
0.02746795133502082,0.06594267983996081,0,TRUE,FALSE
0.04208358935336461,0.1454939796296221,0,TRUE,FALSE
0.028598257603422193,0.08025457770358391,0,TRUE,FALSE
0.10076332140020239,0.26650689328734184,0,TRUE,FALSE
0.026941052517830126,0.06782877674519126,0,TRUE,FALSE
0.016948732868656606,0.09279090785287163,0,TRUE,FALSE
0.01800505374962525,0.07969506188701872,0,TRUE,FALSE
0.015578046846705754,0.07466989027338665,0,TRUE,FALSE
0.017217144017875278,0.07813934592728011,0,TRUE,FALSE
0.030303468417019676,0.09540676912400423,0,TRUE,FALSE
0.040728275269433206,0.13903111461205198,0,TRUE,FALSE
0.052841077374594994,0.1434046257819582,0,TRUE,FALSE
0.034035128649305496,0.13281815805708888,1.1353152277585821e-4,FALSE,FALSE
0.029318036966220522,0.0944985931694881,0,TRUE,FALSE
0.027656500054380757,0.10515684964497134,0,TRUE,FALSE
0.023135510396656893,0.15417495141486648,0,TRUE,FALSE
0.02135832706752924,0.07071052977683812,0,FALSE,FALSE
0.028552860127221087,0.11029152876557989,0,TRUE,FALSE
0.015757372849282365,0.07197443884829252,0,TRUE,FALSE
0.031365416380542306,0.1470833874649691,0,TRUE,FALSE
0.037059661473523985,0.18353645255697393,0,FALSE,FALSE
0.031143686290891714,0.12149550456189653,0,TRUE,FALSE
0.02807580547306575,0.10189354024970464,0,FALSE,FALSE
0.020596892326647957,0.08207954000958313,0,TRUE,FALSE
0.037101784735335326,0.12080465371261498,0,FALSE,FALSE
0.050805503766673914,0.13691242696953185,0,TRUE,TRUE
0.046208754310377353,0.10204936278097623,0,TRUE,FALSE
0.029529248935685627,0.08882426111179242,0,TRUE,FALSE
0.03025201072386059,0.12630563002680964,0,TRUE,FALSE
0.018555425743935126,0.09711436403759956,0,TRUE,FALSE
0.047257732533719544,0.1734342784740413,0,FALSE,FALSE
0.029105458254064763,0.10967501519995293,0,TRUE,FALSE
0.03811048432179702,0.12578645118666462,0,TRUE,FALSE
0.024797162968137124,0.06462575895975499,0,TRUE,FALSE
0.03049543778991884,0.08907317761025065,0,FALSE,FALSE
0.029641785686812482,0.09838713813174697,0,TRUE,FALSE
0.028942398489140698,0.14325509240523404,0,TRUE,FALSE
0.01895881895881896,0.06844081844081844,0,TRUE,FALSE
0.04306634673979281,0.08476157830591104,0,TRUE,FALSE
0.02113456069450681,0.07563239036072444,0,TRUE,FALSE
0.020293231186733752,0.12114698783606911,0,TRUE,FALSE
0.021441225382068326,0.10729001662990323,0,TRUE,FALSE
0.010556554475473394,0.10863488228353094,0,TRUE,FALSE
0.021286386860021947,0.08872081086502495,1.6716028114392698e-4,TRUE,FALSE
0.033764093494382696,0.10649757823019877,0,TRUE,FALSE
0.031382923539786285,0.1072298200325882,0,FALSE,FALSE
0.021249725455743464,0.10832143641555018,0,TRUE,FALSE
0.024662292551138557,0.06647626399073717,0,TRUE,FALSE
0.01977177229346044,0.10371222896602643,0,TRUE,FALSE
0.019254310938880737,0.09306925876983194,0,TRUE,FALSE
0.03288374173198691,0.05212673304615964,0,TRUE,FALSE
0.02544246002936289,0.07508510398012358,0,FALSE,FALSE
0.03429821876027529,0.10023583568602107,0,TRUE,FALSE
0.03752996107808572,0.14973209115497665,0,TRUE,FALSE
0.024716986622949546,0.11431121285904139,0,TRUE,FALSE
0.025489061892524915,0.11575334022397754,0,TRUE,FALSE
0.03123694201693887,0.18687125109518568,0,TRUE,FALSE
0.034823265382457454,0.07871080356586248,0,TRUE,FALSE
0.01702542563564089,0.09123978099452486,0,TRUE,FALSE
0.023053064907235098,0.0829790033647249,0,FALSE,FALSE
0.0344317456633985,0.1185434433679488,0,TRUE,FALSE
0.03413240762815528,0.11064345570852764,0,TRUE,FALSE
0.018886120710439606,0.07329422165072731,0,TRUE,FALSE
0.013080704664644945,0.09077870799961985,0,TRUE,FALSE
0.015236030783509456,0.07919496949367917,0,TRUE,FALSE
0.022976902681557707,0.12937941993364754,0,TRUE,FALSE
0.021600601287539625,0.10627103689421914,0,TRUE,FALSE
0.01676366430280925,0.09075799457755249,0,TRUE,FALSE
0.011065620524000862,0.06796547222187013,0,TRUE,FALSE
0.019847308274217247,0.0909828167306879,0,TRUE,FALSE
0.024269316360143667,0.1394335806711264,0,TRUE,FALSE
0.00852313982194122,0.09203427128830106,0,TRUE,FALSE
0.018921036769138033,0.2334840265220012,0,TRUE,FALSE
0.013284228024418905,0.05660485512023158,0,TRUE,FALSE
0.017307065871655786,0.07571487246307024,0,TRUE,FALSE
0.038470580692043004,0.12174656436341875,0,TRUE,FALSE
0.03418037636243657,0.15366947686986598,0,TRUE,TRUE
0.018468341173928222,0.1039945476004455,0,TRUE,FALSE
0.01213312631473505,0.08784934388460383,0,TRUE,FALSE
0.014705087895584152,0.08625328190334187,0,TRUE,FALSE
0.029031611235455744,0.17183765709423757,0,TRUE,FALSE
0.02042089366033028,0.08572178994714207,0,TRUE,FALSE
0.03035159304048824,0.11446708701723542,0,TRUE,FALSE
0.020806594053576686,0.12084780688843097,0,TRUE,FALSE
0.03751994963175542,0.14055888252778306,0,TRUE,FALSE
0.008509701793639732,0.07757766936874151,0,TRUE,FALSE
0.010066722808835913,0.06878279458443998,0,TRUE,FALSE
0.03078518825847941,0.12051654392697853,0,TRUE,FALSE
0.03331428104842002,0.13431860863885034,0,TRUE,FALSE
0.035139063091043025,0.11387843675964085,0,TRUE,FALSE
0.027684746636015934,0.2024137452686233,0,TRUE,FALSE
0.03139019567737097,0.13910820208631622,0,TRUE,FALSE
0.07601967653518724,0.25036757365086854,0,TRUE,FALSE
0.04988940771688376,0.1958523167665463,0,TRUE,FALSE
0.03109234803673695,0.2278772769500335,0,TRUE,FALSE
0.07445333614123759,0.34402969358744867,0,TRUE,FALSE
0.07367441860465117,0.28039867109634553,0,TRUE,FALSE
0.050475520852607036,0.3449191429522999,0,TRUE,FALSE
0.059236656010849556,0.18229519842423067,0,TRUE,FALSE
0.08583414004517587,0.1552113585027428,0,TRUE,FALSE
0.03264225105011893,0.15333254609558192,0,TRUE,FALSE
0.02735866587539938,0.09482019649804281,0,TRUE,FALSE
0.013477088948787063,0.10640813842274585,0,TRUE,FALSE
0.02485032153152487,0.06995343336536329,0,TRUE,FALSE
0.02529454999545239,0.10092009232879473,0,TRUE,FALSE
0.02985575662208235,0.09694204038814581,6.294256490952006e-4,TRUE,FALSE
0.05154011297714573,0.13813054798483487,0,TRUE,FALSE
0.019217946628339432,0.13977092563232527,0,TRUE,FALSE
0.01926493108728943,0.07238897396630935,0,TRUE,FALSE
0.033334726343209775,0.1046011116218814,0,TRUE,FALSE
0.0357097465675175,0.1878856816647176,0,TRUE,FALSE
0.024619716215839506,0.12763782673741136,0,TRUE,FALSE
0.032675125972137925,0.08251351465793448,0,TRUE,FALSE
0.02432121360780392,0.1265306892582879,0,TRUE,FALSE
0.028449371308747723,0.12926376521911073,0,TRUE,FALSE
0.03284385707293196,0.10136074400391581,0,TRUE,FALSE
0.02215070888507606,0.12155716642996117,0,TRUE,FALSE
0.02561389645959031,0.09526360549911941,0,TRUE,FALSE
0.029668321162824945,0.10658506795561445,0,TRUE,FALSE
0.028248857465883216,0.1346836733068998,0,TRUE,FALSE
0.030348877192054383,0.1239876213399635,0,TRUE,FALSE
0.032316666012019324,0.0801975725676578,0,TRUE,FALSE
0.025024977401398734,0.08652885484561587,0,TRUE,FALSE
0.03680464506461884,0.08092963726041082,0,TRUE,FALSE
0.025737413227075658,0.0817607698669273,0,TRUE,FALSE
0.03902392807891108,0.1650963755224069,0,TRUE,FALSE
0.027587789763598807,0.082044220029072,0,TRUE,FALSE
0.017574171891198104,0.06917361899590264,0,TRUE,FALSE
0.013639178925821316,0.10747058022516726,0,TRUE,FALSE
0.011712988973944799,0.14774343352763536,0,TRUE,FALSE
0.01922507768953781,0.09547180979628077,0,TRUE,FALSE
0.02340966390932011,0.10940137103327569,0,TRUE,FALSE
0.018136876255213964,0.10321849734795818,0,TRUE,FALSE
0.018667872666515917,0.10379136202607975,0,TRUE,FALSE
0.04123569067711819,0.13686578389903603,0,TRUE,FALSE
0.022591331124900853,0.11584939112583399,0,TRUE,FALSE
0.007233589719412153,0.10044856338483506,0,TRUE,FALSE
0.014669585824046968,0.09713578181758546,0,TRUE,FALSE
0.03910919853288303,0.198391255401823,0,TRUE,FALSE
0.01782772871881783,0.09837956768649837,0,TRUE,FALSE
0.019509894044220814,0.07982969664715274,0,TRUE,FALSE
0.019767441860465116,0.12256731946144431,0,TRUE,FALSE
0.02393307408416516,0.12151066306690114,0,TRUE,FALSE
0.028671173904662634,0.12263066587659116,0,TRUE,FALSE
0.012456039238287912,0.08476928686528894,0,TRUE,FALSE
0.018573356505529288,0.09865335883569425,0,TRUE,FALSE
0.014699645180978391,0.1099732075432662,0,TRUE,FALSE
0.017725836227666696,0.0863450045370631,0,TRUE,FALSE
0.013608266320888743,0.08713549768028661,0,TRUE,FALSE
0.0220793810879473,0.1153566276442277,0,TRUE,FALSE
0.013999303661579528,0.09792259037892416,0,TRUE,FALSE
0.02267931317888003,0.07475732468513295,0,TRUE,FALSE
0.014826841278999556,0.08099078186429079,0,TRUE,FALSE
0.09509573635134173,0.13038294540536693,0,NA,FALSE
0.06804581696421172,0.12921245876638984,0,NA,FALSE
0.05995686703394421,0.11534491041221624,0,NA,FALSE
0.13115177134150088,0.16534978311357967,0,NA,FALSE
0.0446672890577214,0.14402987477062743,0,NA,FALSE
0.372221842303221,0.31231621418313615,0,NA,FALSE
0.0426688408751189,0.08990351949993206,0,NA,FALSE
0.11109265213184923,0.18271946369064487,0,NA,FALSE
0.027170872824332316,0.10034043505362251,0,NA,NA
0.08144315767833893,0.1349448365654766,0,NA,NA
0.025456536190513433,0.12259023188519141,0,NA,NA
